Business License,Business Name,Address,City,State,Zip Code,Location,Last Inspection Date
09FOOD-0032,Subway #46751,1900 DEMPSTER ST C,Evanston,IL,60202,"1900 DEMPSTER ST C
Evanston, IL 60202
(42.041109, -87.70006)",01/10/2018
09FOOD-0015,Dar-Us-Sunnah Masjid & Community Center,2045 BROWN AVE,Evanston,IL,60201,"2045 BROWN AVE
Evanston, IL 60201
(42.055088, -87.700416)",01/10/2018
11FOOD-0003,Shop Now Food and Grocery,1942 MAPLE AVE,Evanston,IL,60201,"1942 MAPLE AVE
Evanston, IL 60201
(42.053481, -87.684718)",02/22/2018
09FOOD-0396,First Church of God Christian Life Center,1524 SIMPSON ST,Evanston,IL,60201,"1524 SIMPSON ST
Evanston, IL 60201
(42.055728, -87.693729)",03/29/2018
13FOOD-0013,Norris Center Bookstore #668,1999 CAMPUS DR,Evanston,IL,60208,"1999 CAMPUS DR
Evanston, IL 60208
(42.053678, -87.6734)",04/26/2018
13FOOD-0018,Food 4 Less Fuel Center,2420 MAIN ST,Evanston,IL,60202,"2420 MAIN ST
Evanston, IL 60202
(42.03367, -87.708351)",06/18/2018
09FOOD-0153,Oakton Shell,2494 OAKTON ST,Evanston,IL,60202,"2494 OAKTON ST
Evanston, IL 60202
(42.026413, -87.708347)",06/20/2018
09FOOD-0311,Walgreens #4218,900 DODGE AVE,Evanston,IL,60202,"900 DODGE AVE
Evanston, IL 60202
(42.034193, -87.699308)",06/25/2018
17FOOD-0017,Summer Food - Robert Crown Community Center Site# 18094,1701 MAIN ST,Evanston,IL,60202,"1701 MAIN ST
Evanston, IL 60202
(42.033952, -87.695914)",07/17/2018
18FOOD-0020,Summer Food - Salvation Army Evanston,1403 SHERMAN AVE,Evanston,IL,60201,"1403 SHERMAN AVE
Evanston, IL 60201
(42.042791, -87.681809)",07/17/2018
17FOOD-0019,Summer Food - Fleetwood Jourdain Community Center Site#18095,1655 FOSTER ST,Evanston,IL,60201,"1655 FOSTER ST
Evanston, IL 60201
(42.053862, -87.695176)",07/17/2018
17FOOD-0023,Summer Food - Oakton School Site# 11140,436 RIDGE AVE,Evanston,IL,60202,"436 RIDGE AVE
Evanston, IL 60202
(42.026243, -87.685417)",07/17/2018
18FOOD-0009,Papa John's,1743 BENSON AVE,Evanston,IL,60201,"1743 BENSON AVE
Evanston, IL 60201
(42.049762, -87.683362)",07/18/2018
13FOOD-0014,7-Eleven #33961B,817 DAVIS ST,Evanston,IL,60201,"817 DAVIS ST
Evanston, IL 60201
(42.046992, -87.68298)",07/25/2018
13FOOD-0045,Starbucks #243,1734 SHERMAN AVE,Evanston,IL,60201,"1734 SHERMAN AVE
Evanston, IL 60201
(42.049558, -87.681792)",07/27/2018
09FOOD-0307,Starbucks #241,528 DEMPSTER ST,Evanston,IL,60202,"528 DEMPSTER ST
Evanston, IL 60202
(42.041205, -87.680319)",07/30/2018
17FOOD-0032,Beer on Central,1930 CENTRAL ST,Evanston,IL,60201,"1930 CENTRAL ST
Evanston, IL 60201
(42.064322, -87.700073)",07/31/2018
14FOOD-0029,Beth's Little Bake Shop,1814 CENTRAL ST,Evanston,IL,60201,"1814 CENTRAL ST
Evanston, IL 60201
(42.064302, -87.697817)",08/01/2018
09FOOD-0306,Starbucks #8667,3330 CENTRAL ST,Evanston,IL,60201,"3330 CENTRAL ST
Evanston, IL 60201
(42.064577, -87.726773)",08/02/2018
17FOOD-0008,Backlot Coffee,2006 CENTRAL ST,Evanston,IL,60201,"2006 CENTRAL ST
Evanston, IL 60201
(42.064339, -87.70131)",08/03/2018
10FOOD-0044,Subway #46614,1133 EMERSON ST,Evanston,IL,60201,"1133 EMERSON ST
Evanston, IL 60201
(42.052151, -87.687242)",08/08/2018
08FOOD-0175,Dunkin' Donuts Baskin-Robbins,1900 DEMPSTER ST D,Evanston,IL,60202,"1900 DEMPSTER ST D
Evanston, IL 60202
(42.041109, -87.70006)",08/08/2018
17FOOD-0005,Evanston Games and Cafe,1610 MAPLE AVE,Evanston,IL,60201,"1610 MAPLE AVE
Evanston, IL 60201
(42.047432, -87.684982)",08/09/2018
08FOOD-0181,Dunkin' Donuts & Baskin-Robbins,2658 GREEN BAY RD,Evanston,IL,60201,"2658 GREEN BAY RD
Evanston, IL 60201
(42.066101, -87.700307)",08/09/2018
16FOOD-0040,Pizza Hut #32451,951 HOWARD ST,Evanston,IL,60202,"951 HOWARD ST
Evanston, IL 60202
(42.019514, -87.685188)",08/09/2018
17FOOD-0037,Frio Gelato,1301 CHICAGO AVE,Evanston,IL,60201,"1301 CHICAGO AVE
Evanston, IL 60201
(42.041324, -87.68059)",08/13/2018
09FOOD-0246,Chipotle Mexican Grill #87,711 CHURCH ST,Evanston,IL,60201,"711 CHURCH ST
Evanston, IL 60201
(42.048407, -87.681358)",08/15/2018
12FOOD-0034,Burger King #9067,1829 DEMPSTER ST,Evanston,IL,60201,"1829 DEMPSTER ST
Evanston, IL 60201
(42.041128, -87.698699)",09/04/2018
09FOOD-0303,Park School,828 MAIN ST,Evanston,IL,60202,"828 MAIN ST
Evanston, IL 60202
(42.033969, -87.683146)",09/05/2018
11FOOD-0025,Gordon Food Service Store,2424 OAKTON ST,Evanston,IL,60202,"2424 OAKTON ST
Evanston, IL 60202
(42.026413, -87.708481)",09/06/2018
16FOOD-0021,Levy at Ryan Fieldhouse & Walter Athletics Center,2255 CAMPUS DR,Evanston,IL,60208,"2255 CAMPUS DR
Evanston, IL 60208
(42.058257, -87.672887)",07/31/2018
09FOOD-0289,Haven Middle School,2417 PRAIRIE AVE,Evanston,IL,60201,"2417 PRAIRIE AVE
Evanston, IL 60201
(42.061338, -87.698409)",09/11/2018
17FOOD-0003,Aloha Poke,630 DAVIS ST,Evanston,IL,60201,"630 DAVIS ST
Evanston, IL 60201
(42.046612, -87.68124)",09/12/2018
09FOOD-0300,Lincolnwood Elementary School,2600 COLFAX ST,Evanston,IL,60201,"2600 COLFAX ST
Evanston, IL 60201
(42.06078, -87.70947)",09/12/2018
15FOOD-0039,Starbucks #2444,519 MAIN ST,Evanston,IL,60202,"519 MAIN ST
Evanston, IL 60202
(42.033938, -87.678781)",09/14/2018
09FOOD-0363,Dream About Tea,1011 DAVIS ST,Evanston,IL,60201,"1011 DAVIS ST
Evanston, IL 60201
(42.047059, -87.685526)",09/17/2018
09FOOD-0166,Sarpino's Pizza,2428 MAIN ST,Evanston,IL,60202,"2428 MAIN ST
Evanston, IL 60202
(42.033664, -87.707555)",09/18/2018
12FOOD-0047,The Wine Goddess,702 MAIN ST,Evanston,IL,60202,"702 MAIN ST
Evanston, IL 60202
(42.033963, -87.680542)",09/18/2018
09FOOD-0083,Sher-Main Grill,802 MAIN ST,Evanston,IL,60202,"802 MAIN ST
Evanston, IL 60202
(42.033971, -87.682467)",09/20/2018
09FOOD-0095,Great Harvest Bread Co.,2126 CENTRAL ST,Evanston,IL,60201,"2126 CENTRAL ST
Evanston, IL 60201
(42.064349, -87.702842)",09/20/2018
09FOOD-0133,Warren W. Cherry Preschool,1418 LAKE ST,Evanston,IL,60201,"1418 LAKE ST
Evanston, IL 60201
(42.044251, -87.692798)",09/21/2018
09FOOD-0202,"Barnes & Noble Booksellers, Inc.",1630 SHERMAN AVE,Evanston,IL,60201,"1630 SHERMAN AVE
Evanston, IL 60201
(42.048083, -87.681817)",09/21/2018
09FOOD-0053,Target Store T-927,2209 HOWARD ST,Evanston,IL,60202,"2209 HOWARD ST
Evanston, IL 60202
(42.019249, -87.70456)",09/24/2018
11FOOD-0015,Evanston 1st Liquors,1019 DAVIS ST,Evanston,IL,60201,"1019 DAVIS ST
Evanston, IL 60201
(42.047063, -87.685817)",09/25/2018
18FOOD-0040,10Q Chicken,816 CHURCH ST,Evanston,IL,60201,"816 CHURCH ST
Evanston, IL 60201
(42.048471, -87.682879)",09/25/2018
14FOOD-0042,Hyatt House,1515 CHICAGO AVE,Evanston,IL,60201,"1515 CHICAGO AVE
Evanston, IL 60201
(42.045697, -87.679946)",09/26/2018
09FOOD-0106,Evanston Hospital,1301 CENTRAL ST,Evanston,IL,60201,"1301 CENTRAL ST
Evanston, IL 60201
(42.064249, -87.689854)",09/26/2018
15FOOD-0052,Dollar Tree,1928 DEMPSTER ST,Evanston,IL,60202,"1928 DEMPSTER ST
Evanston, IL 60202
(42.041109, -87.700019)",09/26/2018
13FOOD-0020,Walsh Natural Health LLC,2116 1/2 CENTRAL ST,Evanston,IL,60201,"2116 1/2 CENTRAL ST
Evanston, IL 60201
(42.064349, -87.70294)",09/28/2018
18FOOD-0002,The Spice House,1941 CENTRAL ST,Evanston,IL,60201,"1941 CENTRAL ST
Evanston, IL 60201
(42.06433, -87.700672)",09/28/2018
15FOOD-0013,Jimmy John's Restaurant,1241 CHICAGO AVE,Evanston,IL,60202,"1241 CHICAGO AVE
Evanston, IL 60202
(42.040642, -87.680588)",10/02/2018
09FOOD-0051,Vinic Wine Company,1509 CHICAGO AVE,Evanston,IL,60201,"1509 CHICAGO AVE
Evanston, IL 60201
(42.045412, -87.680082)",10/02/2018
16FOOD-0022,Asian Cajun Too,1322 CHICAGO AVE,Evanston,IL,60201,"1322 CHICAGO AVE
Evanston, IL 60201
(42.042042, -87.680584)",10/02/2018
15FOOD-0015,Epic Burger,1622 SHERMAN AVE,Evanston,IL,60201,"1622 SHERMAN AVE
Evanston, IL 60201
(42.047955, -87.681821)",10/01/2018
17FOOD-0033,Amanacer Taco Shop,512 MAIN ST,Evanston,IL,60202,"512 MAIN ST
Evanston, IL 60202
(42.033936, -87.678299)",10/01/2018
09FOOD-0107,Fleetwood Jourdain Community Center,1655 FOSTER ST,Evanston,IL,60201,"1655 FOSTER ST
Evanston, IL 60201
(42.053862, -87.695176)",10/01/2018
09FOOD-0069,Evanston Grill,1047 CHICAGO AVE B,Evanston,IL,60202,"1047 CHICAGO AVE B
Evanston, IL 60202
(42.037386, -87.680076)",10/02/2018
09FOOD-0178,St. Athanasius School,2510 ASHLAND AVE,Evanston,IL,60201,"2510 ASHLAND AVE
Evanston, IL 60201
(42.062891, -87.693911)",10/03/2018
10FOOD-0008,Andy's Frozen Custard,719 CHURCH ST,Evanston,IL,60201,"719 CHURCH ST
Evanston, IL 60201
(42.048443, -87.681482)",10/03/2018
18FOOD-0038,Spoonfoolery,2113 GREENLEAF ST 4,Evanston,IL,60202,"2113 GREENLEAF ST 4
Evanston, IL 60202
(42.037436, -87.702767)",10/04/2018
09FOOD-0120,J. D. Mills Health Food,"635 CHICAGO AVE, UNIT 4",Evanston,IL,60202,"635 CHICAGO AVE, UNIT 4
Evanston, IL 60202
(42.030021, -87.678603)",10/09/2018
12FOOD-0054,Walgreens #15364,635 CHICAGO AVE,Evanston,IL,60202,"635 CHICAGO AVE
Evanston, IL 60202
(42.030021, -87.678603)",10/09/2018
09FOOD-0309,Starbucks #255,2114 CENTRAL ST,Evanston,IL,60201,"2114 CENTRAL ST
Evanston, IL 60201
(42.064349, -87.702761)",10/10/2018
09FOOD-0366,Davis Pantry,927 DAVIS ST,Evanston,IL,60201,"927 DAVIS ST
Evanston, IL 60201
(42.047049, -87.684814)",10/10/2018
09FOOD-0398,First United Methodist Church,516 CHURCH ST,Evanston,IL,60201,"516 CHURCH ST
Evanston, IL 60201
(42.047416, -87.677723)",10/10/2018
16FOOD-0030,Papa Philly,1608 EMERSON ST,Evanston,IL,60201,"1608 EMERSON ST
Evanston, IL 60201
(42.052148, -87.694941)",10/12/2018
09FOOD-0327,CVS/Pharmacy #3901,1711 SHERMAN AVE,Evanston,IL,60201,"1711 SHERMAN AVE
Evanston, IL 60201
(42.04897, -87.681811)",10/12/2018
18FOOD-0045,French Kiss Cafe,517 DEMPSTER ST,Evanston,IL,60201,"517 DEMPSTER ST
Evanston, IL 60201
(42.041195, -87.679728)",09/28/2018
09FOOD-0056,McDonald's #6867,1919 DEMPSTER ST,Evanston,IL,60201,"1919 DEMPSTER ST
Evanston, IL 60201
(42.041109, -87.700108)",10/12/2018
16FOOD-0029,Evanston Food Mart,2401 DEMPSTER ST,Evanston,IL,60201,"2401 DEMPSTER ST
Evanston, IL 60201
(42.040997, -87.707264)",10/12/2018
09FOOD-0185,Dobson Plaza,120 DODGE AVE,Evanston,IL,60202,"120 DODGE AVE
Evanston, IL 60202
(42.019957, -87.699593)",10/15/2018
16FOOD-0009,Berry Pike,1100 DAVIS ST,Evanston,IL,60201,"1100 DAVIS ST
Evanston, IL 60201
(42.047086, -87.687257)",10/16/2018
13FOOD-0010,Hewn Bakery LLC,810 DEMPSTER ST,Evanston,IL,60202,"810 DEMPSTER ST
Evanston, IL 60202
(42.041209, -87.682752)",10/17/2018
09FOOD-0352,Open Pantry,821 DEMPSTER ST,Evanston,IL,60201,"821 DEMPSTER ST
Evanston, IL 60201
(42.041211, -87.683285)",10/17/2018
09FOOD-0345,Sea Ranch,518 DEMPSTER ST,Evanston,IL,60202,"518 DEMPSTER ST
Evanston, IL 60202
(42.0412, -87.680043)",10/22/2018
15FOOD-0040,Quad Indoor Sports,2454 OAKTON ST,Evanston,IL,60202,"2454 OAKTON ST
Evanston, IL 60202
(42.026416, -87.710349)",10/22/2018
09FOOD-0369,Einstein Bros Bagels #1399,1745 SHERMAN AVE,Evanston,IL,60201,"1745 SHERMAN AVE
Evanston, IL 60201
(42.049834, -87.681779)",10/24/2018
15FOOD-0011,Koco Table Evanston Inc,720 1/2 CLARK ST,Evanston,IL,60201,"720 1/2 CLARK ST
Evanston, IL 60201
(42.049906, -87.681082)",10/24/2018
18FOOD-0003,Kung Fu Tea,726 CLARK ST,Evanston,IL,60201,"726 CLARK ST
Evanston, IL 60201
(42.0499, -87.680659)",10/24/2018
09FOOD-0164,Evanston Gas & Food,101 RIDGE AVE,Evanston,IL,60202,"101 RIDGE AVE
Evanston, IL 60202
(42.019674, -87.684684)",10/26/2018
09FOOD-0045,Mustard's Last Stand,1613 CENTRAL ST,Evanston,IL,60201,"1613 CENTRAL ST
Evanston, IL 60201
(42.064296, -87.694751)",10/25/2018
09FOOD-0384,Immanuel Lutheran Church,616 LAKE ST,Evanston,IL,60201,"616 LAKE ST
Evanston, IL 60201
(42.044104, -87.68171)",10/26/2018
16FOOD-0004,Y.O.U.,1911 CHURCH ST,Evanston,IL,60201,"1911 CHURCH ST
Evanston, IL 60201
(42.048356, -87.699642)",10/25/2018
17FOOD-0036,Cafe Coralie,633 HOWARD ST,Evanston,IL,60202,"633 HOWARD ST
Evanston, IL 60202
(42.019472, -87.679697)",10/26/2018
15FOOD-0054,Sweet Temptation Bake Shop,607 HOWARD ST,Evanston,IL,60202,"607 HOWARD ST
Evanston, IL 60202
(42.019459, -87.678293)",10/26/2018
09FOOD-0397,First Presbyterian Church,1427 CHICAGO AVE,Evanston,IL,60201,"1427 CHICAGO AVE
Evanston, IL 60201
(42.043837, -87.680568)",10/26/2018
09FOOD-0087,Sarkis Cafe,2632 GROSS POINT RD,Evanston,IL,60201,"2632 GROSS POINT RD
Evanston, IL 60201
(42.065573, -87.727069)",10/30/2018
09FOOD-0424,Dunkin' Donuts,2494 OAKTON ST,Evanston,IL,60202,"2494 OAKTON ST
Evanston, IL 60202
(42.026413, -87.708347)",10/30/2018
09FOOD-0357,Koi Fine Asian Cuisine,624 DAVIS ST,Evanston,IL,60201,"624 DAVIS ST
Evanston, IL 60201
(42.046442, -87.680618)",10/29/2018
09FOOD-0251,Dozika,601 DEMPSTER ST,Evanston,IL,60201,"601 DEMPSTER ST
Evanston, IL 60201
(42.041215, -87.680946)",10/31/2018
14FOOD-0028,Patisserie Coralie,600 DAVIS ST,Evanston,IL,60201,"600 DAVIS ST
Evanston, IL 60201
(42.046253, -87.679929)",10/31/2018
09FOOD-0232,Trattoria D.O.C.,706 MAIN ST,Evanston,IL,60202,"706 MAIN ST
Evanston, IL 60202
(42.033965, -87.680798)",11/02/2018
16FOOD-0006,Terra and Vine,1701 MAPLE AVE,Evanston,IL,60201,"1701 MAPLE AVE
Evanston, IL 60201
(42.048828, -87.684729)",11/02/2018
09FOOD-0415,St. Paul Lutheran Church,1004 GREENWOOD ST,Evanston,IL,60201,"1004 GREENWOOD ST
Evanston, IL 60201
(42.042706, -87.685356)",11/08/2018
09FOOD-0414,St. Luke's Episcopal Church,939 HINMAN AVE,Evanston,IL,60202,"939 HINMAN AVE
Evanston, IL 60202
(42.035393, -87.677989)",11/09/2018
09FOOD-0077,Buffalo Joe's,812 CLARK ST,Evanston,IL,60201,"812 CLARK ST
Evanston, IL 60201
(42.049914, -87.682627)",11/12/2018
09FOOD-0418,Vineyard Christian Fellowship,2495 HOWARD ST,Evanston,IL,60202,"2495 HOWARD ST
Evanston, IL 60202
(42.019167, -87.708617)",11/13/2018
10FOOD-0024,Jimmy John's #44,1729 SHERMAN AVE,Evanston,IL,60201,"1729 SHERMAN AVE
Evanston, IL 60201
(42.049558, -87.681792)",11/12/2018
09FOOD-0012,Aldi,2211 OAKTON ST,Evanston,IL,60202,"2211 OAKTON ST
Evanston, IL 60202
(42.026498, -87.705239)",11/13/2018
13FOOD-0016,Trader Joe's #702,1211 CHICAGO AVE,Evanston,IL,60202,"1211 CHICAGO AVE
Evanston, IL 60202
(42.03989, -87.680553)",11/13/2018
16FOOD-0012,Feast and Imbibe,1601 PAYNE ST #C,Evanston,IL,60201,"1601 PAYNE ST #C
Evanston, IL 60201
(42.056983, -87.694642)",11/15/2018
14FOOD-0045,Central Food Mart,2966 CENTRAL ST,Evanston,IL,60201,"2966 CENTRAL ST
Evanston, IL 60201
(42.064465, -87.717504)",11/16/2018
11FOOD-0009,Old Town Oil Evanston LLC,1924 CENTRAL ST,Evanston,IL,60201,"1924 CENTRAL ST
Evanston, IL 60201
(42.064321, -87.699954)",11/16/2018
13FOOD-0011,Marshall's #245,2400 MAIN ST,Evanston,IL,60202,"2400 MAIN ST
Evanston, IL 60202
(42.033665, -87.707728)",11/16/2018
09FOOD-0326,CVS/Pharmacy #4778,101 ASBURY AVE,Evanston,IL,60202,"101 ASBURY AVE
Evanston, IL 60202
(42.020055, -87.69019)",11/19/2018
14FOOD-0005,Eurest Dining Services,1560 SHERMAN AVE,Evanston,IL,60201,"1560 SHERMAN AVE
Evanston, IL 60201
(42.045718, -87.681889)",11/19/2018
10FOOD-0039,"Few Spirits, LLC",918 CHICAGO AVE,Evanston,IL,60202,"918 CHICAGO AVE
Evanston, IL 60202
(42.034895, -87.67957)",11/20/2018
09FOOD-0212,CVS/Pharmacy #8760,3333 CENTRAL ST,Evanston,IL,60201,"3333 CENTRAL ST
Evanston, IL 60201
(42.064579, -87.72686)",11/26/2018
09FOOD-0116,Tag's Bakery,2010 CENTRAL ST,Evanston,IL,60201,"2010 CENTRAL ST
Evanston, IL 60201
(42.06434, -87.701446)",11/26/2018
17FOOD-0045,Cold Stone Creamery,1611 SHERMAN AVE,Evanston,IL,60201,"1611 SHERMAN AVE
Evanston, IL 60201
(42.047585, -87.68183)",11/26/2018
18FOOD-0029,Kresge Cafe,1880 CAMPUS DR,Evanston,IL,60208,"1880 CAMPUS DR
Evanston, IL 60208
(42.051699, -87.67357)",10/16/2018
18FOOD-0024,Cohen Commons,2145 SHERIDAN RD,Evanston,IL,60208,"2145 SHERIDAN RD
Evanston, IL 60208
(42.057862, -87.67715)",10/16/2018
18FOOD-0022,Norris University Center,1999 CAMPUS DR,Evanston,IL,60208,"1999 CAMPUS DR
Evanston, IL 60208
(42.053678, -87.6734)",10/18/2018
12FOOD-0007,Mobil,140 CHICAGO AVE,Evanston,IL,60202,"140 CHICAGO AVE
Evanston, IL 60202
(42.020758, -87.676664)",11/27/2018
09FOOD-0402,Hillel,629 FOSTER ST,Evanston,IL,60201,"629 FOSTER ST
Evanston, IL 60201
(42.053861, -87.678962)",11/27/2018
16FOOD-0014,Little Green Tree House,2814 CENTRAL ST,Evanston,IL,60201,"2814 CENTRAL ST
Evanston, IL 60201
(42.064435, -87.713585)",11/28/2018
09FOOD-0037,Edzo's Burger Shop,1571 SHERMAN AVE,Evanston,IL,60201,"1571 SHERMAN AVE
Evanston, IL 60201
(42.045996, -87.681876)",11/28/2018
09FOOD-0297,Dewey Elementary School,1551 WESLEY AVE,Evanston,IL,60201,"1551 WESLEY AVE
Evanston, IL 60201
(42.045942, -87.692019)",11/28/2018
12FOOD-0028,Babylon Discount Food,1618 EMERSON ST,Evanston,IL,60201,"1618 EMERSON ST
Evanston, IL 60201
(42.052143, -87.69519)",11/27/2018
09FOOD-0064,Mary Lou's Place,1215 CHURCH ST,Evanston,IL,60201,"1215 CHURCH ST
Evanston, IL 60201
(42.048524, -87.689007)",11/28/2018
14FOOD-0050,D & D Dogs Inc,825 NOYES ST,Evanston,IL,60201,"825 NOYES ST
Evanston, IL 60201
(42.058446, -87.683107)",11/28/2018
09FOOD-0401,J & S Food Mart,701 HOWARD ST,Evanston,IL,60202,"701 HOWARD ST
Evanston, IL 60202
(42.019473, -87.68047)",11/29/2018
09FOOD-0078,Little Island,2600 CRAWFORD AVE,Evanston,IL,60201,"2600 CRAWFORD AVE
Evanston, IL 60201
(42.064759, -87.727447)",11/13/2018
09FOOD-0197,Howard Marathon,555 HOWARD ST,Evanston,IL,60202,"555 HOWARD ST
Evanston, IL 60202
(42.019446, -87.677106)",11/29/2018
16FOOD-0007,Margarita European Inn,1566 OAK AVE,Evanston,IL,60201,"1566 OAK AVE
Evanston, IL 60201
(42.046194, -87.686865)",11/29/2018
09FOOD-0322,Century Evanston 12 & Cine Arts 6,1715 MAPLE AVE,Evanston,IL,60201,"1715 MAPLE AVE
Evanston, IL 60201
(42.048956, -87.68473)",11/29/2018
10FOOD-0020,Other Brother Coffeehouse,1549 SHERMAN AVE,Evanston,IL,60201,"1549 SHERMAN AVE
Evanston, IL 60201
(42.045551, -87.681899)",11/29/2018
09FOOD-0416,Unitarian Church of Evanston,1330 RIDGE AVE,Evanston,IL,60201,"1330 RIDGE AVE
Evanston, IL 60201
(42.042288, -87.688422)",11/30/2018
09FOOD-0411,Second Baptist Church,1717 BENSON AVE,Evanston,IL,60201,"1717 BENSON AVE
Evanston, IL 60201
(42.049099, -87.68338)",11/30/2018
09FOOD-0305,Willard Elementary School,2700 HURD AVE,Evanston,IL,60201,"2700 HURD AVE
Evanston, IL 60201
(42.06689, -87.716524)",11/30/2018
09FOOD-0288,ETHS,1600 DODGE AVE,Evanston,IL,60201,"1600 DODGE AVE
Evanston, IL 60201
(42.046601, -87.699034)",12/03/2018
13FOOD-0028,Frio Gelato,1701 SIMPSON ST,Evanston,IL,60201,"1701 SIMPSON ST
Evanston, IL 60201
(42.055689, -87.695735)",12/03/2018
08FOOD-0184,Ted's Snack Shop,1824 CRAIN ST,Evanston,IL,60202,"1824 CRAIN ST
Evanston, IL 60202
(42.039313, -87.698836)",12/03/2018
09FOOD-0201,Evanston Main Foods,835 MAIN ST,Evanston,IL,60202,"835 MAIN ST
Evanston, IL 60202
(42.033965, -87.68282)",12/03/2018
18FOOD-0031,Sargent Hall,2245 SHERIDAN RD,Evanston,IL,60208,"2245 SHERIDAN RD
Evanston, IL 60208
(42.05865, -87.677134)",10/29/2018
13FOOD-0005,Temperance Beer Company LLC,2000 DEMPSTER ST,Evanston,IL,60202,"2000 DEMPSTER ST
Evanston, IL 60202
(42.041098, -87.701615)",12/04/2018
09FOOD-0114,The Woman's Club of Evanston,1702 CHICAGO AVE,Evanston,IL,60201,"1702 CHICAGO AVE
Evanston, IL 60201
(42.047948, -87.678852)",12/04/2018
09FOOD-0054,Peet's Coffee & Tea,1622 CHICAGO AVE,Evanston,IL,60201,"1622 CHICAGO AVE
Evanston, IL 60201
(42.046841, -87.679374)",12/04/2018
17FOOD-0009,Zen Shiatsu Chicago,"825 CHICAGO AVE, SUITE A",Evanston,IL,60202,"825 CHICAGO AVE, SUITE A
Evanston, IL 60202
(42.032909, -87.67919)",12/04/2018
09FOOD-0324,Cost Plus World Market,1725 MAPLE AVE,Evanston,IL,60201,"1725 MAPLE AVE
Evanston, IL 60201
(42.04911, -87.684731)",12/04/2018
17FOOD-0011,MBG Products,1043 CHICAGO AVE,Evanston,IL,60202,"1043 CHICAGO AVE
Evanston, IL 60202
(42.037156, -87.680028)",12/04/2018
16FOOD-0038,Goodwill,1916 B DEMPSTER ST,Evanston,IL,60202,"1916 B DEMPSTER ST
Evanston, IL 60202
(42.041108, -87.700822)",12/04/2018
09FOOD-0215,Hearth Restaurant,1625 HINMAN AVE,Evanston,IL,60201,"1625 HINMAN AVE
Evanston, IL 60201
(42.046613, -87.677565)",12/05/2018
10FOOD-0035,Hillside Food Pantry,2727 CRAWFORD AVE,Evanston,IL,60201,"2727 CRAWFORD AVE
Evanston, IL 60201
(42.067341, -87.72978)",12/05/2018
15FOOD-0049,The Barn,1016 CHURCH ST Rear,Evanston,IL,60201,"1016 CHURCH ST Rear
Evanston, IL 60201
(42.048484, -87.686166)",12/06/2018
09FOOD-0162,D & D Finer Foods,825 NOYES ST,Evanston,IL,60201,"825 NOYES ST
Evanston, IL 60201
(42.058446, -87.683107)",12/06/2018
09FOOD-0355,Lou Malnati's Pizzeria,1850 SHERMAN AVE,Evanston,IL,60201,"1850 SHERMAN AVE
Evanston, IL 60201
(42.051336, -87.681778)",12/06/2018
15FOOD-0041,Coffee Lab,910 NOYES ST,Evanston,IL,60201,"910 NOYES ST
Evanston, IL 60201
(42.058448, -87.683724)",11/13/2018
09FOOD-0377,Bernard Food,1125 HARTREY AVE,Evanston,IL,60202,"1125 HARTREY AVE
Evanston, IL 60202
(42.038427, -87.703861)",12/10/2018
09FOOD-0379,E-Z Spuds,2223 WASHINGTON ST,Evanston,IL,60202,"2223 WASHINGTON ST
Evanston, IL 60202
(42.031964, -87.705451)",12/10/2018
18FOOD-0034,"Kilwins Chocolates, Fudge and Ice Cream",1724 SHERMAN AVE,Evanston,IL,60201,"1724 SHERMAN AVE
Evanston, IL 60201
(42.049375, -87.6818)",12/10/2018
14FOOD-0033,Blaze Pizza,1737 SHERMAN AVE,Evanston,IL,60203,"1737 SHERMAN AVE
Evanston, IL 60203
(42.049631, -87.681789)",12/10/2018
13FOOD-0006,Chicago - Main Newstand,860 CHICAGO AVE,Evanston,IL,60202,"860 CHICAGO AVE
Evanston, IL 60202
(42.033835, -87.679367)",12/11/2018
09FOOD-0376,Allfresh Food Products,2156 GREEN BAY RD,Evanston,IL,60201,"2156 GREEN BAY RD
Evanston, IL 60201
(42.057425, -87.693029)",12/11/2018
09FOOD-0090,Oceanique,505 MAIN ST,Evanston,IL,60202,"505 MAIN ST
Evanston, IL 60202
(42.033936, -87.678272)",12/11/2018
09FOOD-0060,Prairie Joe's,1921 CENTRAL ST,Evanston,IL,60201,"1921 CENTRAL ST
Evanston, IL 60201
(42.06432, -87.699664)",12/12/2018
17FOOD-0039,Qi Kratom CBD Tea,624 GROVE ST,Evanston,IL,60201,"624 GROVE ST
Evanston, IL 60201
(42.045309, -87.681394)",12/12/2018
14FOOD-0051,Freshii,1596 SHERMAN AVE,Evanston,IL,60201,"1596 SHERMAN AVE
Evanston, IL 60201
(42.046693, -87.681861)",12/12/2018
09FOOD-0240,Celtic Knot Public House,626 CHURCH ST,Evanston,IL,60201,"626 CHURCH ST
Evanston, IL 60201
(42.048058, -87.680056)",12/12/2018
09FOOD-0163,Al's Deli,914 NOYES ST,Evanston,IL,60201,"914 NOYES ST
Evanston, IL 60201
(42.058448, -87.683794)",12/12/2018
16FOOD-0002,Osel Ling Mindrolling International,1818 DEMPSTER ST,Evanston,IL,60202,"1818 DEMPSTER ST
Evanston, IL 60202
(42.041133, -87.698468)",12/13/2018
09FOOD-0367,Firehouse Grill,750 CHICAGO AVE,Evanston,IL,60202,"750 CHICAGO AVE
Evanston, IL 60202
(42.032056, -87.679023)",12/12/2018
09FOOD-0278,Allen Center,2169 CAMPUS DR,Evanston,IL,60208,"2169 CAMPUS DR
Evanston, IL 60208
(42.056455, -87.673448)",12/13/2018
09FOOD-0375,Westminster Place,3200 GRANT ST,Evanston,IL,60201,"3200 GRANT ST
Evanston, IL 60201
(42.058918, -87.721945)",12/14/2018
18FOOD-0042,Chicago Hot Dog & Co,1009 DAVIS ST,Evanston,IL,60201,"1009 DAVIS ST
Evanston, IL 60201
(42.047056, -87.685294)",12/17/2018
09FOOD-0189,Shore Homes East,503 MICHIGAN AVE,Evanston,IL,60202,"503 MICHIGAN AVE
Evanston, IL 60202
(42.026889, -87.6721)",12/18/2018
11FOOD-0020,St. James Armenian Church,816 Clark ST,Evanston,IL,60201,"816 Clark ST
Evanston, IL 60201
(42.049915, -87.682732)",12/18/2018
09FOOD-0066,Symphony's,1945 CENTRAL ST,Evanston,IL,60201,"1945 CENTRAL ST
Evanston, IL 60201
(42.064333, -87.700924)",12/19/2018
09FOOD-0101,Holiday Inn University Plaza,1501 SHERMAN AVE,Evanston,IL,60201,"1501 SHERMAN AVE
Evanston, IL 60201
(42.044633, -87.681923)",12/19/2018
09FOOD-0183,Saint Francis Hospital,355 RIDGE AVE,Evanston,IL,60202,"355 RIDGE AVE
Evanston, IL 60202
(42.023951, -87.685159)",12/19/2018
18FOOD-0037,Backlot Hospitality,1042 WESLEY AVE,Evanston,IL,60202,"1042 WESLEY AVE
Evanston, IL 60202
(42.037399, -87.691461)",12/14/2018
18FOOD-0013,Prairie Moon,1635 CHICAGO AVE,Evanston,IL,60201,"1635 CHICAGO AVE
Evanston, IL 60201
(42.04738, -87.679123)",12/20/2018
11FOOD-0018,Grace Lutheran Church,1430 SOUTH BLVD,Evanston,IL,60202,"1430 SOUTH BLVD
Evanston, IL 60202
(42.02776, -87.693232)",12/20/2018
18FOOD-0052,Levy at Welsh-Ryan Arena,2705 ASHLAND AVE,Evanston,IL,60201,"2705 ASHLAND AVE
Evanston, IL 60201
(42.066557, -87.69385)",11/30/2018
09FOOD-0132,Kikka,1640 CHICAGO AVE,Evanston,IL,60201,"1640 CHICAGO AVE
Evanston, IL 60201
(42.046805, -87.679391)",12/26/2018
18FOOD-0030,Plum Market,2332 CAMPUS DR,Evanston,IL,60208,"2332 CAMPUS DR
Evanston, IL 60208
(42.060274, -87.674788)",12/26/2018
09FOOD-0173,Union Pizzeria,1245 CHICAGO AVE,Evanston,IL,60202,"1245 CHICAGO AVE
Evanston, IL 60202
(42.040767, -87.680589)",12/26/2018
16FOOD-0017,Union Squared Evanston,1307 CHICAGO AVE,Evanston,IL,60201,"1307 CHICAGO AVE
Evanston, IL 60201
(42.04147, -87.680589)",12/26/2018
09FOOD-0329,Whole Foods Market #314,1640 CHICAGO AVE,Evanston,IL,60201,"1640 CHICAGO AVE
Evanston, IL 60201
(42.046805, -87.679391)",12/26/2018
12FOOD-0018,Ward Eight,629 HOWARD ST,Evanston,IL,60202,"629 HOWARD ST
Evanston, IL 60202
(42.01947, -87.679585)",12/27/2018
17FOOD-0047,Theo Ubique Cabaret Theatre,721 HOWARD ST,Evanston,IL,60202,"721 HOWARD ST
Evanston, IL 60202
(42.019482, -87.681434)",12/27/2018
10FOOD-0022,Bar Louie,1520 SHERMAN AVE,Evanston,IL,60201,"1520 SHERMAN AVE
Evanston, IL 60201
(42.045213, -87.68191)",12/26/2018
09FOOD-0333,Trattoria Demi,1571 SHERMAN AVE,Evanston,IL,60201,"1571 SHERMAN AVE
Evanston, IL 60201
(42.045996, -87.681876)",12/26/2018
09FOOD-0184,Albany Care,901 MAPLE AVE,Evanston,IL,60202,"901 MAPLE AVE
Evanston, IL 60202
(42.034163, -87.685223)",12/27/2018
15FOOD-0025,La Principal,700 MAIN ST,Evanston,IL,60202,"700 MAIN ST
Evanston, IL 60202
(42.033962, -87.680429)",12/27/2018
14FOOD-0018,Ten Mile House,1700 CENTRAL ST,Evanston,IL,60201,"1700 CENTRAL ST
Evanston, IL 60201
(42.064298, -87.696218)",12/27/2018
14FOOD-0041,Bagel Art,615 DEMPSTER ST,Evanston,IL,60201,"615 DEMPSTER ST
Evanston, IL 60201
(42.041218, -87.681668)",12/31/2018
09FOOD-0117,Bennison's Bakery,1000 DAVIS ST,Evanston,IL,60201,"1000 DAVIS ST
Evanston, IL 60201
(42.047053, -87.685091)",12/31/2018
09FOOD-0159,Belgian Chocolatier Piron,509 MAIN ST A,Evanston,IL,60202,"509 MAIN ST A
Evanston, IL 60202
(42.033936, -87.678338)",12/31/2018
18FOOD-0014,Sugar & Spice,2000 DEMPSTER ST #C,Evanston,IL,60202,"2000 DEMPSTER ST #C
Evanston, IL 60202
(42.041098, -87.701615)",12/31/2018
18FOOD-0018,Summer Food - Chute School,1400 OAKTON ST,Evanston,IL,60202,"1400 OAKTON ST
Evanston, IL 60202
(42.026739, -87.691689)",01/03/2019
09FOOD-0245,Mt. Everest Restaurant,630 CHURCH ST,Evanston,IL,60201,"630 CHURCH ST
Evanston, IL 60201
(42.048141, -87.680355)",01/09/2019
15FOOD-0012,The Spice & Tea Exchange of Evanston,1615 SHERMAN AVE,Evanston,IL,60201,"1615 SHERMAN AVE
Evanston, IL 60201
(42.047628, -87.681829)",10/08/2018
13FOOD-0021,New Lucky Main Pantry,510 MAIN ST,Evanston,IL,60202,"510 MAIN ST
Evanston, IL 60202
(42.033935, -87.678234)",09/13/2018
09FOOD-0119,Foodstuffs,2106 CENTRAL ST,Evanston,IL,60201,"2106 CENTRAL ST
Evanston, IL 60201
(42.064349, -87.702395)",11/26/2018
15FOOD-0044,Harold's Chicken Shack,337 HOWARD ST,Evanston,IL,60202,"337 HOWARD ST
Evanston, IL 60202
(42.019399, -87.675244)",11/15/2018
13FOOD-0038,Tomate Fresh Kitchen,914 1/2 NOYES ST,Evanston,IL,60201,"914 1/2 NOYES ST
Evanston, IL 60201
(42.058448, -87.683794)",12/18/2018
09FOOD-0180,Citgo,443 ASBURY AVE,Evanston,IL,60202,"443 ASBURY AVE
Evanston, IL 60202
(42.026438, -87.690107)",11/21/2018
09FOOD-0068,Cross-Rhodes,913 1/2 CHICAGO AVE,Evanston,IL,60202,"913 1/2 CHICAGO AVE
Evanston, IL 60202
(42.034357, -87.679467)",12/27/2018
09FOOD-0182,Evanston Hospital,2650 RIDGE AVE,Evanston,IL,60201,"2650 RIDGE AVE
Evanston, IL 60201
(42.0653, -87.683293)",12/28/2018
16FOOD-0037,In Grape Company,1740 RIDGE AVE LL15A,Evanston,IL,60201,"1740 RIDGE AVE LL15A
Evanston, IL 60201
(42.049926, -87.688503)",12/13/2018
09FOOD-0007,Oakton & Dodge Shell,500 DODGE AVE,Evanston,IL,60202,"500 DODGE AVE
Evanston, IL 60202
(42.026994, -87.699465)",11/27/2018
12FOOD-0055,The Merion,1611 CHICAGO AVE 1,Evanston,IL,60201,"1611 CHICAGO AVE 1
Evanston, IL 60201
(42.046797, -87.679394)",12/27/2018
13FOOD-0060,Next of Kinship,625 DAVIS ST,Evanston,IL,60201,"625 DAVIS ST
Evanston, IL 60201
(42.04654, -87.680979)",12/19/2018
13FOOD-0009,La Macchina Cafe,1620 ORRINGTON AVE,Evanston,IL,60201,"1620 ORRINGTON AVE
Evanston, IL 60201
(42.047509, -87.681173)",12/27/2018
13FOOD-0008,Naf Naf Grill,1629 ORRINGTON AVE,Evanston,IL,60201,"1629 ORRINGTON AVE
Evanston, IL 60201
(42.047739, -87.681071)",09/19/2018
14FOOD-0007,Office Max #6212,2255 HOWARD ST,Evanston,IL,60202,"2255 HOWARD ST
Evanston, IL 60202
(42.019221, -87.706162)",11/21/2018
09FOOD-0338,The Stained Glass,1735 BENSON AVE,Evanston,IL,60201,"1735 BENSON AVE
Evanston, IL 60201
(42.04963, -87.683366)",12/18/2018
10FOOD-0007,Crossmark Events,2450 MAIN ST,Evanston,IL,60202,"2450 MAIN ST
Evanston, IL 60202
(42.033663, -87.707497)",12/06/2018
09FOOD-0394,Ebenezer A.M.E. Church,1109 EMERSON ST,Evanston,IL,60201,"1109 EMERSON ST
Evanston, IL 60201
(42.052147, -87.686749)",12/20/2018
15FOOD-0045,NaKorn,1622 ORRINGTON AVE,Evanston,IL,60201,"1622 ORRINGTON AVE
Evanston, IL 60201
(42.047583, -87.68114)",10/30/2018
17FOOD-0024,Summer Food - McGaw YMCA Site# 73016,1000 GROVE ST,Evanston,IL,60201,"1000 GROVE ST
Evanston, IL 60201
(42.045582, -87.685892)",01/24/2019
17FOOD-0034,Kombucha Brava,717 CUSTER AVE,Evanston,IL,60202,"717 CUSTER AVE
Evanston, IL 60202
(42.030802, -87.680341)",12/06/2018
09FOOD-0160,Delta Discount,800 MAIN ST,Evanston,IL,60202,"800 MAIN ST
Evanston, IL 60202
(42.033975, -87.682253)",11/30/2018
13FOOD-0034,Peckish Pig Restaurant & Brewery,623 HOWARD ST,Evanston,IL,60202,"623 HOWARD ST
Evanston, IL 60202
(42.019467, -87.679363)",08/21/2018
14FOOD-0043,The Unicorn Cafe,1723 SHERMAN AVE,Evanston,IL,60201,"1723 SHERMAN AVE
Evanston, IL 60201
(42.049311, -87.681802)",10/31/2018
12FOOD-0011,GNC,812 DAVIS ST,Evanston,IL,60201,"812 DAVIS ST
Evanston, IL 60201
(42.046882, -87.682226)",09/25/2018
10FOOD-0001,Subway #48042,2494 OAKTON ST,Evanston,IL,60202,"2494 OAKTON ST
Evanston, IL 60202
(42.026413, -87.708347)",01/28/2019
18FOOD-0019,Summer Food - King Arts School,2424 LAKE ST,Evanston,IL,60201,"2424 LAKE ST
Evanston, IL 60201
(42.044054, -87.708099)",01/29/2019
17FOOD-0007,Sushi Burrito,1565 SHERMAN AVE,Evanston,IL,60201,"1565 SHERMAN AVE
Evanston, IL 60201
(42.045902, -87.681879)",02/01/2019
15FOOD-0005,Valli Produce,1910 DEMPSTER ST,Evanston,IL,60202,"1910 DEMPSTER ST
Evanston, IL 60202
(42.041109, -87.700019)",02/01/2019
14FOOD-0030,Little Beans Cafe,430 ASBURY AVE,Evanston,IL,60202,"430 ASBURY AVE
Evanston, IL 60202
(42.026004, -87.690106)",12/03/2018
09FOOD-0186,Greenwood Care,1406 CHICAGO AVE,Evanston,IL,60201,"1406 CHICAGO AVE
Evanston, IL 60201
(42.042897, -87.680577)",02/04/2019
13FOOD-0004,Farmhouse Tavern,703 CHURCH ST,Evanston,IL,60201,"703 CHURCH ST
Evanston, IL 60201
(42.048277, -87.680843)",12/26/2018
13FOOD-0027,Olive Mediterranean Grill,1726 SHERMAN AVE,Evanston,IL,60201,"1726 SHERMAN AVE
Evanston, IL 60201
(42.049411, -87.681799)",12/10/2018
09FOOD-0243,Northstar Coffee,2201 OAKTON ST,Evanston,IL,60202,"2201 OAKTON ST
Evanston, IL 60202
(42.026506, -87.704953)",10/02/2018
18FOOD-0005,Clarkes,720 CLARK ST,Evanston,IL,60201,"720 CLARK ST
Evanston, IL 60201
(42.049906, -87.681082)",10/24/2018
16FOOD-0005,Wired Coffee House,901 DAVIS ST,Evanston,IL,60201,"901 DAVIS ST
Evanston, IL 60201
(42.047043, -87.684411)",10/10/2018
17FOOD-0026,Rock 'N Ravioli,1012 CHURCH ST,Evanston,IL,60201,"1012 CHURCH ST
Evanston, IL 60201
(42.048484, -87.685939)",11/30/2018
11FOOD-0001,Soulwich,1634 ORRINGTON AVE,Evanston,IL,60201,"1634 ORRINGTON AVE
Evanston, IL 60201
(42.047885, -87.681007)",09/10/2018
15FOOD-0002,Curts Cafe South,1813 DEMPSTER ST,Evanston,IL,60201,"1813 DEMPSTER ST
Evanston, IL 60201
(42.04114, -87.698164)",11/21/2018
17FOOD-0035,Jilly's Cafe,2614 GREEN BAY RD,Evanston,IL,60201,"2614 GREEN BAY RD
Evanston, IL 60201
(42.064872, -87.699277)",11/08/2018
12FOOD-0004,Curt's Cafe,2922 CENTRAL ST,Evanston,IL,60201,"2922 CENTRAL ST
Evanston, IL 60201
(42.064441, -87.715696)",11/06/2018
17FOOD-0040,Bake Homemade Pizza,2122 CENTRAL ST,Evanston,IL,60201,"2122 CENTRAL ST
Evanston, IL 60201
(42.064349, -87.703163)",08/03/2018
09FOOD-0406,KinderCare,2014 DEMPSTER ST,Evanston,IL,60202,"2014 DEMPSTER ST
Evanston, IL 60202
(42.041085, -87.702327)",02/07/2019
09FOOD-0340,Siam Pasta,809 DEMPSTER ST,Evanston,IL,60201,"809 DEMPSTER ST
Evanston, IL 60201
(42.041208, -87.682492)",10/17/2018
13FOOD-0031,Leonida's Chocolates,1907 CENTRAL ST,Evanston,IL,60201,"1907 CENTRAL ST
Evanston, IL 60201
(42.06432, -87.699302)",11/26/2018
09FOOD-0089,Brothers K Coffee House,500 MAIN ST,Evanston,IL,60202,"500 MAIN ST
Evanston, IL 60202
(42.033934, -87.67793)",11/06/2018
12FOOD-0022,Papa Romeo's Pizza,1168 DODGE AVE,Evanston,IL,60202,"1168 DODGE AVE
Evanston, IL 60202
(42.039639, -87.699249)",11/13/2018
17FOOD-0031,7-Eleven #27070C,847 DODGE AVE,Evanston,IL,60202,"847 DODGE AVE
Evanston, IL 60202
(42.0337, -87.699317)",02/11/2019
09FOOD-0170,Siam Splendour,1125 EMERSON ST,Evanston,IL,60201,"1125 EMERSON ST
Evanston, IL 60201
(42.052152, -87.687275)",02/11/2019
09FOOD-0062,Hartigan's Ice Cream Shoppe,2909 CENTRAL ST,Evanston,IL,60201,"2909 CENTRAL ST
Evanston, IL 60201
(42.064438, -87.715068)",10/09/2018
09FOOD-0285,Claire's Korner,1827 EMERSON ST,Evanston,IL,60201,"1827 EMERSON ST
Evanston, IL 60201
(42.052078, -87.698671)",12/04/2018
18FOOD-0025,Einstein Bros Bagel,2200 CAMPUS DR,Evanston,IL,60208,"2200 CAMPUS DR
Evanston, IL 60208
(42.057445, -87.673123)",10/16/2018
15FOOD-0024,A Step by Step Learning Academy,1909 HOWARD ST,Evanston,IL,60202,"1909 HOWARD ST
Evanston, IL 60202
(42.019347, -87.699942)",02/12/2019
09FOOD-0149,Jewish Reconstructionist Congregation,303 DODGE AVE,Evanston,IL,60202,"303 DODGE AVE
Evanston, IL 60202
(42.02325, -87.699523)",02/13/2019
09FOOD-0387,Beth Emet The Free Synagogue,1224 DEMPSTER ST,Evanston,IL,60202,"1224 DEMPSTER ST
Evanston, IL 60202
(42.041283, -87.689775)",02/13/2019
09FOOD-0130,Soup At Six,933 CHICAGO AVE,Evanston,IL,60202,"933 CHICAGO AVE
Evanston, IL 60202
(42.034897, -87.67957)",11/06/2018
15FOOD-0020,Peppercorns Kitchen,620 DAVIS ST,Evanston,IL,60201,"620 DAVIS ST
Evanston, IL 60201
(42.046485, -87.680776)",02/15/2019
08FOOD-0189,Old Neighborhood Grill,2902 CENTRAL ST,Evanston,IL,60201,"2902 CENTRAL ST
Evanston, IL 60201
(42.064438, -87.714805)",12/26/2018
10FOOD-0045,Friendship Baptist Church,2201 FOSTER ST,Evanston,IL,60201,"2201 FOSTER ST
Evanston, IL 60201
(42.053333, -87.703745)",12/06/2018
15FOOD-0021,Peeled Juice Bar,2311 CAMPUS DR,Evanston,IL,60201,"2311 CAMPUS DR
Evanston, IL 60201
(42.059071, -87.674108)",02/04/2019
09FOOD-0039,Subway #3020,1551 SHERMAN AVE,Evanston,IL,60201,"1551 SHERMAN AVE
Evanston, IL 60201
(42.045602, -87.681896)",08/02/2018
16FOOD-0019,Dave's New Kitchen,815 NOYES ST,Evanston,IL,60201,"815 NOYES ST
Evanston, IL 60201
(42.058439, -87.682536)",02/18/2019
09FOOD-0014,CJE Senior Life,1015 HOWARD ST,Evanston,IL,60202,"1015 HOWARD ST
Evanston, IL 60202
(42.01954, -87.68665)",02/18/2019
17FOOD-0029,Pono Ono Poke,1630 CHICAGO AVE,Evanston,IL,60201,"1630 CHICAGO AVE
Evanston, IL 60201
(42.047131, -87.679239)",02/19/2019
09FOOD-0135,McDonald's #82,1117 HOWARD ST,Evanston,IL,60202,"1117 HOWARD ST
Evanston, IL 60202
(42.019546, -87.687553)",02/19/2019
09FOOD-0408,Northminster Nursery School,2515 CENTRAL PARK AVE,Evanston,IL,60201,"2515 CENTRAL PARK AVE
Evanston, IL 60201
(42.063051, -87.717791)",02/19/2019
18FOOD-0006,Falcon Eddy's Barbeque,825 CHURCH ST,Evanston,IL,60201,"825 CHURCH ST
Evanston, IL 60201
(42.048471, -87.682845)",02/18/2019
11FOOD-0026,Roycemore School - Cafeteria,1200 DAVIS ST,Evanston,IL,60201,"1200 DAVIS ST
Evanston, IL 60201
(42.047112, -87.68951)",02/21/2019
09FOOD-0084,Hecky's Bar B Q,1902 GREEN BAY RD,Evanston,IL,60201,"1902 GREEN BAY RD
Evanston, IL 60201
(42.052448, -87.689107)",02/19/2019
09FOOD-0063,Potbelly Sandwich Works,630 DAVIS ST,Evanston,IL,60201,"630 DAVIS ST
Evanston, IL 60201
(42.046612, -87.68124)",02/21/2019
09FOOD-0070,Golden Olympic Restaurant,1608 CHICAGO AVE,Evanston,IL,60201,"1608 CHICAGO AVE
Evanston, IL 60201
(42.046509, -87.679529)",02/18/2019
09FOOD-0252,Noodles & Company #606,930 CHURCH ST,Evanston,IL,60201,"930 CHURCH ST
Evanston, IL 60201
(42.048466, -87.684267)",02/20/2019
18FOOD-0010,Da Jerk Pit,2430 MAIN ST,Evanston,IL,60202,"2430 MAIN ST
Evanston, IL 60202
(42.033664, -87.707558)",02/22/2019
16FOOD-0027,Kabul House,2424 DEMPSTER ST,Evanston,IL,60202,"2424 DEMPSTER ST
Evanston, IL 60202
(42.040986, -87.708092)",02/20/2019
19FOOD-0002,Avanza Pasta,1205 HARTREY AVE,Evanston,IL,60202,"1205 HARTREY AVE
Evanston, IL 60202
(42.039077, -87.703855)",02/21/2019
09FOOD-0108,Levy Senior Center,300 DODGE AVE,Evanston,IL,60202,"300 DODGE AVE
Evanston, IL 60202
(42.023184, -87.699524)",02/22/2019
10FOOD-0037,Subway #46615,3330 CENTRAL ST,Evanston,IL,60201,"3330 CENTRAL ST
Evanston, IL 60201
(42.064577, -87.726773)",02/25/2019
09FOOD-0151,Chili's Grill and Bar #859,1765 MAPLE AVE,Evanston,IL,60201,"1765 MAPLE AVE
Evanston, IL 60201
(42.04981, -87.684733)",02/27/2019
08FOOD-0180,Dunkin' Donuts,1612 BENSON AVE,Evanston,IL,60201,"1612 BENSON AVE
Evanston, IL 60201
(42.047664, -87.683415)",02/27/2019
18FOOD-0008,Binny's Beverage Depot,1111 CHICAGO AVE,Evanston,IL,60202,"1111 CHICAGO AVE
Evanston, IL 60202
(42.037904, -87.680176)",02/28/2019
18FOOD-0011,Gotta B Crepes,2901 CENTRAL ST,Evanston,IL,60201,"2901 CENTRAL ST
Evanston, IL 60201
(42.064438, -87.71468)",02/28/2019
14FOOD-0039,Domino's Pizza,911 FOSTER ST,Evanston,IL,60201,"911 FOSTER ST
Evanston, IL 60201
(42.053914, -87.683929)",02/28/2019
18FOOD-0012,Taste of Jamaica Evanston,741 HOWARD ST,Evanston,IL,60202,"741 HOWARD ST
Evanston, IL 60202
(42.019487, -87.681951)",03/01/2019
09FOOD-0325,Cozy Noodles & Rice,1018 DAVIS ST,Evanston,IL,60201,"1018 DAVIS ST
Evanston, IL 60201
(42.047066, -87.686008)",03/04/2019
09FOOD-0192,Three Crowns Park,2323 MCDANIEL AVE,Evanston,IL,60201,"2323 MCDANIEL AVE
Evanston, IL 60201
(42.059707, -87.708114)",12/28/2018
09FOOD-0314,AFC Sushi @ Jewel Osco 3487,2485 HOWARD ST,Evanston,IL,60202,"2485 HOWARD ST
Evanston, IL 60202
(42.019174, -87.708157)",03/04/2019
18FOOD-0043,Azzari,2485 HOWARD ST,Evanston,IL,60202,"2485 HOWARD ST
Evanston, IL 60202
(42.019174, -87.708157)",03/04/2019
16FOOD-0043,Insomnia Cookies,1725 SHERMAN AVE,Evanston,IL,60201,"1725 SHERMAN AVE
Evanston, IL 60201
(42.049367, -87.6818)",03/06/2019
09FOOD-0359,Jewel Osco #3487,2485 HOWARD ST,Evanston,IL,60202,"2485 HOWARD ST
Evanston, IL 60202
(42.019174, -87.708157)",03/04/2019
16FOOD-0041,Pizza Hut #32443,1115 EMERSON ST,Evanston,IL,60201,"1115 EMERSON ST
Evanston, IL 60201
(42.052149, -87.687006)",03/06/2019
15FOOD-0003,Whole Foods Market,2748 GREEN BAY RD,Evanston,IL,60201,"2748 GREEN BAY RD
Evanston, IL 60201
(42.068443, -87.702217)",03/05/2019
15FOOD-0034,Kikka,2748 GREEN BAY RD,Evanston,IL,60201,"2748 GREEN BAY RD
Evanston, IL 60201
(42.068443, -87.702217)",03/05/2019
09FOOD-0372,Hunan Spring,635 CHICAGO AVE,Evanston,IL,60202,"635 CHICAGO AVE
Evanston, IL 60202
(42.030021, -87.678603)",03/04/2019
11FOOD-0039,Subway #53951,724 CLARK ST,Evanston,IL,60201,"724 CLARK ST
Evanston, IL 60201
(42.049909, -87.681332)",03/07/2019
10FOOD-0049,Edible Arrangements,1630 MAPLE AVE,Evanston,IL,60201,"1630 MAPLE AVE
Evanston, IL 60201
(42.047986, -87.685184)",03/04/2019
09FOOD-0373,Evanston Post 42,1030 CENTRAL ST,Evanston,IL,60201,"1030 CENTRAL ST
Evanston, IL 60201
(42.064176, -87.686042)",03/05/2019
09FOOD-0409,Reba Early Learning Center,740 CUSTER AVE,Evanston,IL,60202,"740 CUSTER AVE
Evanston, IL 60202
(42.031884, -87.680333)",03/12/2019
09FOOD-0407,McGaw YMCA Child Care Center,1420 MAPLE AVE,Evanston,IL,60201,"1420 MAPLE AVE
Evanston, IL 60201
(42.043612, -87.685038)",03/13/2019
09FOOD-0403,Toddler Town Day Care,1501 HOWARD ST,Evanston,IL,60202,"1501 HOWARD ST
Evanston, IL 60202
(42.019483, -87.693455)",03/12/2019
09FOOD-0296,The Barbereux School,3333 CULVER ST,Evanston,IL,60201,"3333 CULVER ST
Evanston, IL 60201
(42.063586, -87.726935)",03/13/2019
09FOOD-0389,Child Care Center,1840 ASBURY AVE,Evanston,IL,60201,"1840 ASBURY AVE
Evanston, IL 60201
(42.051914, -87.690076)",03/04/2019
09FOOD-0393,Early Childhood Program Head Start / Pre-K,1500 MCDANIEL AVE,Evanston,IL,60201,"1500 MCDANIEL AVE
Evanston, IL 60201
(42.044748, -87.708389)",03/07/2019
09FOOD-0400,Hill Arboretum Apartments,2040 BROWN AVE,Evanston,IL,60201,"2040 BROWN AVE
Evanston, IL 60201
(42.055257, -87.700412)",03/14/2019
10FOOD-0017,Garrett Cafe,2121 SHERIDAN RD,Evanston,IL,60208,"2121 SHERIDAN RD
Evanston, IL 60208
(42.059157, -87.677139)",03/08/2019
09FOOD-0137,Creative Play,1701 MAIN ST,Evanston,IL,60202,"1701 MAIN ST
Evanston, IL 60202
(42.033952, -87.695914)",03/06/2019
12FOOD-0049,Coast Sushi Central,2545 PRAIRIE AVE,Evanston,IL,60201,"2545 PRAIRIE AVE
Evanston, IL 60201
(42.06372, -87.700458)",03/05/2019
09FOOD-0386,Baby Toddler Nursery,2200 MAIN ST,Evanston,IL,60202,"2200 MAIN ST
Evanston, IL 60202
(42.033785, -87.704649)",03/14/2019
09FOOD-0390,Childtime at Saint Francis Hospital,355 RIDGE AVE,Evanston,IL,60202,"355 RIDGE AVE
Evanston, IL 60202
(42.023951, -87.685159)",03/15/2019
09FOOD-0354,Midwest Montessori #560,926 NOYES ST,Evanston,IL,60201,"926 NOYES ST
Evanston, IL 60201
(42.058448, -87.684302)",03/15/2019
16FOOD-0039,Jennifer's Edibles Incorporated,1623 SIMPSON ST,Evanston,IL,60201,"1623 SIMPSON ST
Evanston, IL 60201
(42.055702, -87.695163)",12/13/2018
16FOOD-0003,Hilton Orrington,1710 ORRINGTON AVE,Evanston,IL,60201,"1710 ORRINGTON AVE
Evanston, IL 60201
(42.048744, -87.680574)",03/11/2019
17FOOD-0004,Hilton Garden Inn,1818 MAPLE AVE,Evanston,IL,60201,"1818 MAPLE AVE
Evanston, IL 60201
(42.050681, -87.684824)",03/11/2019
14FOOD-0022,Kellogg School of Management,2211 CAMPUS DR,Evanston,IL,60208,"2211 CAMPUS DR
Evanston, IL 60208
(42.0576, -87.673134)",03/12/2019
10FOOD-0009,Kingston Grill,1164 DODGE AVE,Evanston,IL,60202,"1164 DODGE AVE
Evanston, IL 60202
(42.040404, -87.699236)",03/12/2019
14FOOD-0035,Gigio's Pizzeria,1001 DAVIS ST,Evanston,IL,60201,"1001 DAVIS ST
Evanston, IL 60201
(42.047053, -87.685086)",04/02/2019
16FOOD-0018,Meez Meals,1459 ELMWOOD AVE,Evanston,IL,60201,"1459 ELMWOOD AVE
Evanston, IL 60201
(42.044723, -87.683538)",03/25/2019
09FOOD-0074,Le Peep #8533,827 CHURCH ST,Evanston,IL,60201,"827 CHURCH ST
Evanston, IL 60201
(42.048471, -87.682895)",03/21/2019
12FOOD-0010,Bright Horizons at Evanston,1629 ORRINGTON AVE,Evanston,IL,60201,"1629 ORRINGTON AVE
Evanston, IL 60201
(42.047739, -87.681071)",03/18/2019
09FOOD-0233,Pinto Noodles and Rice,1931 CENTRAL ST,Evanston,IL,60201,"1931 CENTRAL ST
Evanston, IL 60201
(42.064325, -87.700324)",03/18/2019
16FOOD-0020,Kuni Japanese Restaurant,511 MAIN ST A,Evanston,IL,60202,"511 MAIN ST A
Evanston, IL 60202
(42.033936, -87.678433)",03/12/2019
09FOOD-0293,Chiaravalle Montessori School,425 DEMPSTER ST,Evanston,IL,60201,"425 DEMPSTER ST
Evanston, IL 60201
(42.041164, -87.67823)",03/20/2019
12FOOD-0041,The Supreme Burrito #1,843 DODGE AVE,Evanston,IL,60202,"843 DODGE AVE
Evanston, IL 60202
(42.033552, -87.699319)",03/20/2019
15FOOD-0001,Burger King #1664,1740 ORRINGTON AVE,Evanston,IL,60201,"1740 ORRINGTON AVE
Evanston, IL 60201
(42.049517, -87.680182)",03/22/2019
17FOOD-0002,Subway,"900 CHICAGO AVE, SUITE 101",Evanston,IL,60202,"900 CHICAGO AVE, SUITE 101
Evanston, IL 60202
(42.034403, -87.679476)",03/25/2019
17FOOD-0016,Furious Spoon,1700 MAPLE AVE,Evanston,IL,60201,"1700 MAPLE AVE
Evanston, IL 60201
(42.04893, -87.684846)",08/01/2018
09FOOD-0140,Doorway To Learning,1500 MCDANIEL AVE,Evanston,IL,60201,"1500 MCDANIEL AVE
Evanston, IL 60201
(42.044748, -87.708389)",03/27/2019
09FOOD-0169,Wingstop,"2434 MAIN ST, SUITE F",Evanston,IL,60202,"2434 MAIN ST, SUITE F
Evanston, IL 60202
(42.033674, -87.707026)",03/28/2019
09FOOD-0224,Panino's Cafe & Bar,1968 DEMPSTER ST,Evanston,IL,60202,"1968 DEMPSTER ST
Evanston, IL 60202
(42.041108, -87.700759)",03/28/2019
09FOOD-0405,Lake Street Church of Evanston,607 LAKE ST,Evanston,IL,60201,"607 LAKE ST
Evanston, IL 60201
(42.044092, -87.680955)",03/28/2019
09FOOD-0216,Kansaku,1514 SHERMAN AVE,Evanston,IL,60201,"1514 SHERMAN AVE
Evanston, IL 60201
(42.045295, -87.681908)",03/26/2019
12FOOD-0024,Found Restaurant,1631 CHICAGO AVE,Evanston,IL,60201,"1631 CHICAGO AVE
Evanston, IL 60201
(42.047342, -87.67914)",03/19/2019
09FOOD-0323,Chef's Station,915 DAVIS ST,Evanston,IL,60201,"915 DAVIS ST
Evanston, IL 60201
(42.047045, -87.684494)",03/18/2019
09FOOD-0410,School For Little Children,1427 CHICAGO AVE,Evanston,IL,60201,"1427 CHICAGO AVE
Evanston, IL 60201
(42.043837, -87.680568)",04/02/2019
14FOOD-0016,Mumbia Indian Grill,1728 SHERMAN AVE,Evanston,IL,60201,"1728 SHERMAN AVE
Evanston, IL 60201
(42.049516, -87.681794)",03/25/2019
09FOOD-0344,527 Cafe,527 DAVIS ST,Evanston,IL,60201,"527 DAVIS ST
Evanston, IL 60201
(42.046032, -87.679092)",04/02/2019
09FOOD-0092,Lucky Platter,514 MAIN ST,Evanston,IL,60202,"514 MAIN ST
Evanston, IL 60202
(42.033936, -87.678437)",03/22/2019
09FOOD-0139,NorthShore University HealthSystem Child Development Center,1000 CENTRAL ST 100,Evanston,IL,60201,"1000 CENTRAL ST 100
Evanston, IL 60201
(42.064161, -87.68494)",03/26/2019
09FOOD-0115,Family Focus,2010 DEWEY AVE,Evanston,IL,60201,"2010 DEWEY AVE
Evanston, IL 60201
(42.054709, -87.695796)",04/01/2019
17FOOD-0001,Ovo Frito Cafe,1936 MAPLE AVE,Evanston,IL,60201,"1936 MAPLE AVE
Evanston, IL 60201
(42.053323, -87.684727)",03/26/2019
15FOOD-0023,Giordano's,1527 CHICAGO AVE,Evanston,IL,60201,"1527 CHICAGO AVE
Evanston, IL 60201
(42.045999, -87.679786)",03/20/2019
09FOOD-0128,Puerta Abierta,933 CHICAGO AVE,Evanston,IL,60202,"933 CHICAGO AVE
Evanston, IL 60202
(42.034897, -87.67957)",03/26/2019
09FOOD-0099,Chicken Shack,1925 RIDGE AVE,Evanston,IL,60201,"1925 RIDGE AVE
Evanston, IL 60201
(42.052845, -87.687701)",04/02/2019
10FOOD-0050,Pete Miller's Steakhouse,1557 SHERMAN AVE,Evanston,IL,60201,"1557 SHERMAN AVE
Evanston, IL 60201
(42.045929, -87.681878)",03/26/2019
16FOOD-0023,Shang Noodle & Chinese,608 DAVIS ST,Evanston,IL,60201,"608 DAVIS ST
Evanston, IL 60201
(42.046285, -87.680045)",03/28/2019
13FOOD-0035,Smylie Brothers Brewing Company,1615 OAK AVE,Evanston,IL,60201,"1615 OAK AVE
Evanston, IL 60201
(42.047551, -87.686833)",03/28/2019
16FOOD-0013,Red Hot Chilli Pepper,"500 DAVIS ST, SUITE 102",Evanston,IL,60201,"500 DAVIS ST, SUITE 102
Evanston, IL 60201
(42.045836, -87.678341)",03/27/2019
09FOOD-0337,Steak 'N Shake #470,2209 OAKTON ST,Evanston,IL,60202,"2209 OAKTON ST
Evanston, IL 60202
(42.026456, -87.706802)",03/28/2019
09FOOD-0213,Teen Baby Nursery,2010 DEWEY AVE,Evanston,IL,60201,"2010 DEWEY AVE
Evanston, IL 60201
(42.054709, -87.695796)",04/01/2019
15FOOD-0007,Symphony of Evanston Healthcare,820 FOSTER ST,Evanston,IL,60201,"820 FOSTER ST
Evanston, IL 60201
(42.053901, -87.682813)",04/01/2019
14FOOD-0026,Sashimi Sashimi,640 CHURCH ST,Evanston,IL,60201,"640 CHURCH ST
Evanston, IL 60201
(42.048204, -87.680579)",03/27/2019
09FOOD-0334,That Little Mexican Cafe,1010 CHURCH ST,Evanston,IL,60201,"1010 CHURCH ST
Evanston, IL 60201
(42.048484, -87.685767)",04/01/2019
09FOOD-0392,Daniel F. and Ada L. Rice Child + Family Center,1101 WASHINGTON ST,Evanston,IL,60202,"1101 WASHINGTON ST
Evanston, IL 60202
(42.032836, -87.687121)",04/05/2019
16FOOD-0042,Viet Nom Nom,618 1/2 CHURCH ST,Evanston,IL,60201,"618 1/2 CHURCH ST
Evanston, IL 60201
(42.048069, -87.680097)",04/04/2019
09FOOD-0294,Pope John XXIII School,1120 WASHINGTON ST,Evanston,IL,60202,"1120 WASHINGTON ST
Evanston, IL 60202
(42.032845, -87.688395)",04/05/2019
12FOOD-0027,Unity Nursery School,827 FOSTER ST,Evanston,IL,60201,"827 FOSTER ST
Evanston, IL 60201
(42.053904, -87.683112)",04/03/2019
10FOOD-0019,The Grove of Evanston,500 ASBURY AVE,Evanston,IL,60202,"500 ASBURY AVE
Evanston, IL 60202
(42.026955, -87.690101)",04/02/2019
09FOOD-0073,The Olive Mountain,610 DAVIS ST,Evanston,IL,60201,"610 DAVIS ST
Evanston, IL 60201
(42.046362, -87.680327)",04/02/2019
15FOOD-0029,Whiskey Thief,616 DAVIS ST,Evanston,IL,60201,"616 DAVIS ST
Evanston, IL 60201
(42.046419, -87.680537)",04/04/2019
09FOOD-0131,Total Child Preschool & Childcare Center,516 CHURCH ST,Evanston,IL,60201,"516 CHURCH ST
Evanston, IL 60201
(42.047416, -87.677723)",04/03/2019
09FOOD-0299,Lincoln Elementary School,910 FOREST AVE,Evanston,IL,60202,"910 FOREST AVE
Evanston, IL 60202
(42.034298, -87.674847)",04/05/2019
09FOOD-0335,Tapas Barcelona,1615 CHICAGO AVE,Evanston,IL,60201,"1615 CHICAGO AVE
Evanston, IL 60201
(42.04685, -87.67937)",04/08/2019
14FOOD-0017,El Pueblito Mexican Grill 2,1805 HOWARD ST,Evanston,IL,60202,"1805 HOWARD ST
Evanston, IL 60202
(42.019385, -87.698301)",04/11/2019
16FOOD-0032,AFC Sushi@Jewel Osco #3428,1128 CHICAGO AVE,Evanston,IL,60202,"1128 CHICAGO AVE
Evanston, IL 60202
(42.039455, -87.680467)",04/15/2019
09FOOD-0029,Little Wok,2426 MAIN ST,Evanston,IL,60202,"2426 MAIN ST
Evanston, IL 60202
(42.033688, -87.706748)",04/15/2019
09FOOD-0121,Jewel Osco #3428,1128 CHICAGO AVE,Evanston,IL,60202,"1128 CHICAGO AVE
Evanston, IL 60202
(42.039455, -87.680467)",04/16/2019
09FOOD-0247,Bluestone Restaurant,1932 CENTRAL ST,Evanston,IL,60201,"1932 CENTRAL ST
Evanston, IL 60201
(42.064323, -87.700131)",04/16/2019
18FOOD-0015,Colectivo Coffee Roasters,716 CHURCH ST,Evanston,IL,60201,"716 CHURCH ST
Evanston, IL 60201
(42.048452, -87.681543)",04/16/2019
09FOOD-0302,Orrington Elementary School,2636 ORRINGTON AVE,Evanston,IL,60201,"2636 ORRINGTON AVE
Evanston, IL 60201
(42.065727, -87.679492)",04/18/2019
09FOOD-0041,IHOP #1203,100 ASBURY AVE,Evanston,IL,60202,"100 ASBURY AVE
Evanston, IL 60202
(42.019648, -87.690191)",04/17/2019
09FOOD-0304,Washington Elementary School,914 ASHLAND AVE,Evanston,IL,60202,"914 ASHLAND AVE
Evanston, IL 60202
(42.034665, -87.693049)",04/18/2019
15FOOD-0051,La Cocinita Restaurant,1625 CHICAGO AVE,Evanston,IL,60201,"1625 CHICAGO AVE
Evanston, IL 60201
(42.046823, -87.679382)",04/19/2019
09FOOD-0187,Aperion Care Evanston,1300 OAK AVE,Evanston,IL,60201,"1300 OAK AVE
Evanston, IL 60201
(42.041462, -87.686957)",04/19/2019
09FOOD-0385,Alden Estates of Evanston,2520 GROSS POINT RD,Evanston,IL,60201,"2520 GROSS POINT RD
Evanston, IL 60201
(42.063135, -87.729802)",04/22/2019
18FOOD-0017,Soban Korea,819 NOYES ST,Evanston,IL,60201,"819 NOYES ST
Evanston, IL 60201
(42.05844, -87.682601)",04/22/2019
12FOOD-0046,Bonsai Cafe,2916 CENTRAL ST,Evanston,IL,60201,"2916 CENTRAL ST
Evanston, IL 60201
(42.064438, -87.715277)",03/11/2019
09FOOD-0320,Campagnola,815 CHICAGO AVE,Evanston,IL,60202,"815 CHICAGO AVE
Evanston, IL 60202
(42.032611, -87.679133)",04/15/2019
14FOOD-0012,Bangers and Lace,810 GROVE ST,Evanston,IL,60201,"810 GROVE ST
Evanston, IL 60201
(42.045517, -87.68216)",04/23/2019
12FOOD-0023,Evanston Pub,1601 SHERMAN AVE,Evanston,IL,60201,"1601 SHERMAN AVE
Evanston, IL 60201
(42.047301, -87.681837)",09/13/2018
16FOOD-0010,Genghis Grill,707 CHURCH ST,Evanston,IL,60201,"707 CHURCH ST
Evanston, IL 60201
(42.048412, -87.681376)",09/20/2018
16FOOD-0001,Cupitol Coffee & Eatery,812 GROVE ST,Evanston,IL,60201,"812 GROVE ST
Evanston, IL 60201
(42.045561, -87.683665)",04/23/2019
09FOOD-0244,Food 4 Less Midwest #558,2400 MAIN ST,Evanston,IL,60202,"2400 MAIN ST
Evanston, IL 60202
(42.033665, -87.707728)",04/24/2019
09FOOD-0042,Bill's Drive-In,120 ASBURY AVE,Evanston,IL,60202,"120 ASBURY AVE
Evanston, IL 60202
(42.020035, -87.69019)",04/26/2019
09FOOD-0301,Oakton Elementary School,436 RIDGE AVE,Evanston,IL,60202,"436 RIDGE AVE
Evanston, IL 60202
(42.026243, -87.685417)",04/30/2019
09FOOD-0298,Kingsley Elementary School,2300 GREEN BAY RD,Evanston,IL,60201,"2300 GREEN BAY RD
Evanston, IL 60201
(42.05967, -87.694993)",04/30/2019
09FOOD-0295,Dawes Elementary School,440 DODGE AVE,Evanston,IL,60202,"440 DODGE AVE
Evanston, IL 60202
(42.026496, -87.699485)",04/30/2019
18FOOD-0044,Lao Sze Chuan,1633 ORRINGTON AVE,Evanston,IL,60201,"1633 ORRINGTON AVE
Evanston, IL 60201
(42.047861, -87.681017)",04/26/2019
09FOOD-0351,Panera Bread #645,1700 SHERMAN AVE,Evanston,IL,60201,"1700 SHERMAN AVE
Evanston, IL 60201
(42.048604, -87.681809)",05/01/2019
19FOOD-0004,Frontline North LLC,609 HOWARD ST A,Evanston,IL,60202,"609 HOWARD ST A
Evanston, IL 60202
(42.01946, -87.678366)",03/28/2019
17FOOD-0006,Good to Go Jamaican Cuisine,711 HOWARD ST,Evanston,IL,60202,"711 HOWARD ST
Evanston, IL 60202
(42.019477, -87.680973)",04/22/2019
10FOOD-0026,The Mather South,450 DAVIS ST,Evanston,IL,60201,"450 DAVIS ST
Evanston, IL 60201
(42.0456, -87.677463)",05/03/2019
09FOOD-0181,Sam's Club #6444,2450 MAIN ST,Evanston,IL,60202,"2450 MAIN ST
Evanston, IL 60202
(42.033663, -87.707497)",04/24/2019
09FOOD-0231,Siam Paragon,503 MAIN ST,Evanston,IL,60202,"503 MAIN ST
Evanston, IL 60202
(42.033935, -87.678144)",04/23/2019
09FOOD-0020,The Mather,425 DAVIS ST,Evanston,IL,60201,"425 DAVIS ST
Evanston, IL 60201
(42.045356, -87.676546)",05/03/2019
18FOOD-0016,Sushibox - SC6444,2450 MAIN ST,Evanston,IL,60202,"2450 MAIN ST
Evanston, IL 60202
(42.033663, -87.707497)",04/24/2019
13FOOD-0046,Homestead Meats & Deli,1305 CHICAGO AVE,Evanston,IL,60201,"1305 CHICAGO AVE
Evanston, IL 60201
(42.041389, -87.68059)",05/02/2019
18FOOD-0028,Hinman Hall,1835 HINMAN AVE,Evanston,IL,60201,"1835 HINMAN AVE
Evanston, IL 60201
(42.05002, -87.675926)",05/08/2019
18FOOD-0033,Rama Express,1601 SIMPSON ST 3,Evanston,IL,60201,"1601 SIMPSON ST 3
Evanston, IL 60201
(42.05572, -87.694275)",05/07/2019
18FOOD-0035,Fran's Cafe,1865 SHERMAN AVE,Evanston,IL,60201,"1865 SHERMAN AVE
Evanston, IL 60201
(42.051689, -87.681775)",05/08/2019
15FOOD-0018,Table To Stix Ramen,1007 DAVIS ST,Evanston,IL,60201,"1007 DAVIS ST
Evanston, IL 60201
(42.047057, -87.685391)",04/30/2019
18FOOD-0046,Bat17,1709 BENSON AVE,Evanston,IL,60201,"1709 BENSON AVE
Evanston, IL 60201
(42.048868, -87.683386)",05/07/2019
09FOOD-0358,Joy Yee's Noodles,521 DAVIS ST,Evanston,IL,60201,"521 DAVIS ST
Evanston, IL 60201
(42.045991, -87.678934)",05/10/2019
09FOOD-0129,The Salvation Army,1403 SHERMAN AVE,Evanston,IL,60201,"1403 SHERMAN AVE
Evanston, IL 60201
(42.042791, -87.681809)",05/10/2019
09FOOD-0287,Chute Middle School,1400 OAKTON ST,Evanston,IL,60202,"1400 OAKTON ST
Evanston, IL 60202
(42.026739, -87.691689)",05/14/2019
09FOOD-0291,Nichols Middle School,800 GREENLEAF ST,Evanston,IL,60202,"800 GREENLEAF ST
Evanston, IL 60202
(42.037586, -87.682766)",05/14/2019
09FOOD-0290,King Lab Magnet School,2424 LAKE ST,Evanston,IL,60201,"2424 LAKE ST
Evanston, IL 60201
(42.044054, -87.708099)",05/14/2019
14FOOD-0040,Lulu's - Taco Diablo - Five & Dime,1026 DAVIS ST,Evanston,IL,60201,"1026 DAVIS ST
Evanston, IL 60201
(42.047068, -87.686144)",05/13/2019
09FOOD-0388,Campus Kitchen Project at NU,1820 CHICAGO AVE,Evanston,IL,60201,"1820 CHICAGO AVE
Evanston, IL 60201
(42.050344, -87.677664)",05/10/2019
16FOOD-0033,North Shore Cider,707 HOWARD ST B & C,Evanston,IL,60202,"707 HOWARD ST B & C
Evanston, IL 60202
(42.019475, -87.680817)",12/07/2018
17FOOD-0020,Summer Food - Mason Park Site# 18796,1634 CHURCH AVE,Evanston,IL,60201,"1634 CHURCH AVE
Evanston, IL 60201
(42.048446, -87.69541)",07/17/2018
